headline,link,premium,subhead,byline,article_type,image
 Cannes Film Festival: Cristian Mungiu wins Palme d'Or for 'Fjord' at closing ceremony overshadowed by the state of the world  ,https://www.lemonde.fr/en/culture/article/2026/05/24/cannes-film-festival-cristian-mungiu-wins-palme-d-or-for-fjord-at-closing-ceremony-overshadowed-by-the-state-of-the-world_6753772_30.html,Subscribers only,"On May 23, the jury, chaired by South Korean filmmaker Park Chan-wook, awarded the Romanian director with the Palme d'Or for the second time, and presented its Grand Prix to 'Minotaur' by the Russian director Andrey Zvyagintsev.",,,https://img.lemde.fr/2026/05/23/0/1/2757/1838/400/266/75/0/3e8003b_ftp-1-endtwq33frx1-2026-05-23t215521z-792402324-up1em5n1kn81j-rtrmadp-3-filmfestival-cannes-awards.JPG
Why dropping the worst-case climate scenario does not undermine the reality of global warming,https://www.lemonde.fr/en/environment/article/2026/05/24/why-dropping-the-worst-case-climate-scenario-does-not-undermine-the-reality-of-global-warming_6753768_114.html,Subscribers only,,,,https://img.lemde.fr/2026/05/21/0/41/5166/3444/398/265/75/0/d570560_upload-1-mjfabwinisat-000-1l10px.jpg
Missile strikes pound Kyiv after Russia vows retaliation,https://www.lemonde.fr/en/international/article/2026/05/24/missile-strikes-pound-kyiv-after-russia-vows-retaliation_6753771_4.html,,,,,https://img.lemde.fr/2026/05/24/0/0/6048/4032/398/265/75/0/1046f31_ftp-1-tnsm3gzyuw8l-5127778-01-06.jpg
Gunman killed by US Secret Service after opening fire near White House,https://www.lemonde.fr/en/international/article/2026/05/24/large-police-presence-around-white-house-after-reports-of-shots-fired_6753769_4.html,,"President Donald Trump was inside the White House on Saturday evening when a gunman approached the building's west side and began firing. Secret Service Police returned fire, striking a bystander as well as the suspect, who was later pronounced deceased.",,,https://img.lemde.fr/2026/05/24/0/25/3585/2390/398/265/75/0/b05a9cb_ftp-1-qsdzscvikewe-2026-05-24t004820z-182042750-rc2cfla4iol3-rtrmadp-3-usa-washington-shooting.JPG
Trump says agreement with Iran 'largely negotiated' and includes opening strait,https://www.lemonde.fr/en/international/article/2026/05/23/trump-says-agreement-with-iran-largely-negotiated-and-includes-opening-strait_6753765_4.html,,"US President Donald Trump announced on Saturday that the proposal included opening the crucial Strait of Hormuz, though 'final aspects and details' were still being finalized.",,,https://img.lemde.fr/2026/05/23/0/0/3304/2203/398/265/75/0/4009b40_ftp-1-5yttp8e6gnaf-5125882-01-06.jpg
Google executive James Manyika criticizes France for sidestepping AI: 'It's terrible for the French user',https://www.lemonde.fr/en/economy/article/2026/05/24/google-executive-james-manyika-criticizes-france-for-sidestepping-ai-it-s-terrible-for-the-french-user_6753770_19.html,Subscribers only,"Google's senior vice president of technology and society regrets that the group's innovations are not being rolled out in France, a country he considers too resistant to change. He hopes to reassure the public about the risks artificial intelligence poses to jobs.",,,https://img.lemde.fr/2026/05/21/0/0/5905/3937/398/265/75/0/3509c9a_upload-1-znizqt2gtcjg-000-986f7kj.jpg
Swedish transhumanist Nick Bostrom fears a 'pendulum swinging too far' against AI,https://www.lemonde.fr/en/economy/article/2026/05/24/swedish-transhumanist-nick-bostrom-fears-a-pendulum-swinging-too-far-against-ai_6753767_19.html,Subscribers only,"The futurologist warns of the threat artificial intelligence poses to white-collar workers and the unprecedented existential crisis it could spark among the public, while also acknowledging its contributions to research and health care.", Arnaud Leparmentier,Conversation,https://img.lemde.fr/2026/05/15/0/14/4626/3084/664/442/75/0/6e3c420_upload-1-xnrdy463aekm-gettyimages-1145731695.jpg
An Iranian's struggle to become French and to study at Harvard,https://www.lemonde.fr/en/campus/article/2026/05/24/an-iranian-s-fight-to-become-french-and-to-study-at-harvard_6753766_11.html,Subscribers only,,,,https://img.lemde.fr/2026/05/18/1575/0/4284/2856/198/132/95/0/690f20c_upload-1-zeuv9lo9n3lz-img-3579.JPG
France bans Israeli minister Ben-Gvir from entering country,https://www.lemonde.fr/en/international/article/2026/05/23/france-bans-israeli-minister-ben-gvir-from-entering-country_6753757_4.html,,,,,https://img.lemde.fr/2025/03/18/0/0/4083/2722/198/132/95/0/ffedede_ftp-import-images-1-p4dh5l4otghx-2025-03-18t142706z-1769790684-rc29bcawbmat-rtrmadp-3-israel-palestinians-bengvir.JPG
Cubans on the specter of US intervention: 'On what grounds would a foreign government have the right to decide for us?',https://www.lemonde.fr/en/international/article/2026/05/23/cubans-on-the-specter-of-us-intervention-on-what-grounds-would-a-foreign-government-have-the-right-to-decide-for-us_6753760_4.html,Subscribers only,,,,https://img.lemde.fr/2026/05/22/0/0/5499/3666/198/132/95/0/9e11ae1_ftp-1-2k9go74syfwc-2026-05-22t142923z-709989095-rc2bela7qlir-rtrmadp-3-cuba-crisis-protest.JPG
Cannes: 'Everytime' by Sandra Wollner picks up the Un Certain Regard Prize,https://www.lemonde.fr/en/culture/article/2026/05/23/cannes-everytime-by-sandra-wollner-picks-up-the-un-certain-regard-prize_6753761_30.html,Subscribers only,,,,https://img.lemde.fr/2026/05/22/0/1351/10936/7291/198/132/95/0/2b86b56_upload-1-7kiy9avhpqsq-300dpi-everytime-still02-thebarricadespanamafilm-gregoryoke.jpg
Europe seeks to defuse Trump criticism ahead of NATO summit in Ankara,https://www.lemonde.fr/en/international/article/2026/05/23/europe-seeks-to-defuse-trump-criticism-ahead-of-nato-summit-in-ankara_6753752_4.html,Subscribers only,,,,
Patrick Bruel and a textbook case of debates around sexual violence,https://www.lemonde.fr/en/france/article/2026/05/23/patrick-bruel-and-a-textbook-case-of-debates-around-sexual-violence_6753758_7.html,Subscribers only,,,,
Canal+ sued for alleged discrimination against anti-Bolloré signatories,https://www.lemonde.fr/en/culture/article/2026/05/23/canal-sued-for-alleged-discrimination-against-anti-bollore-signatories_6753753_30.html,Subscribers only,,,,
Rugby: Bordeaux-Bègles retains Champions Cup with victory over Leinster,https://www.lemonde.fr/en/sports/article/2026/05/23/rugby-bordeaux-begles-retains-champions-cup-with-victory-of-leinster_6753763_9.html,,,,,
Heat wave in France illustrates temperature swings made more common by climate change,https://www.lemonde.fr/en/environment/article/2026/05/23/heat-wave-in-france-illustrates-temperature-swings-made-more-common-by-climate-change_6753754_114.html,Subscribers only,,,,
Five arrested over smuggling of Californian cannabis to France,https://www.lemonde.fr/en/france/article/2026/05/23/five-arrested-over-smuggling-of-californian-cannabis-to-france_6753759_7.html,Subscribers only,,,,
"'The very embodiment of terror': At the ICC, chilling account of crimes committed by Libyan prison official",https://www.lemonde.fr/en/le-monde-africa/article/2026/05/23/the-very-embodiment-of-terror-at-the-icc-chilling-account-of-crimes-committed-by-libyan-prison-official_6753751_124.html,Subscribers only,,,,
Paris left splits over awarding of city's marathon to Bolloré-linked company,https://www.lemonde.fr/en/politics/article/2026/05/23/paris-left-splits-over-awarding-of-city-s-marathon-to-bollore-linked-company_6753756_5.html,Subscribers only,,,,
Tamil cinema superstar Vijay makes spectacular political debut in India,https://www.lemonde.fr/en/m-le-mag/article/2026/05/23/tamil-cinema-superstar-vijay-makes-spectacular-political-debut-in-india_6753746_117.html,Subscribers only,Actor Joseph Vijay Chandrasekhar has stunned the country by winning regional elections in Tamil Nadu. The 51-year-old relied on his millions of fans and campaigned on a platform of change., Carole Dieterich,News,https://img.lemde.fr/2026/05/19/0/0/1500/1000/664/442/75/0/3d18e46_ftp-1-72ewgmrqbysu-429203-3472302.jpg
What are the risks of the Ebola virus spreading beyond the DRC?,https://www.lemonde.fr/en/health/article/2026/05/22/ebola-what-are-the-risks-of-the-virus-spreading-beyond-the-drc_6753739_14.html,Subscribers only,"Estimating the true scale of the outbreak, as well as the risk of the virus spreading both within the region and beyond, has challenged researchers, who face an epidemic with many unknowns.", Delphine Roucaute,In Depth,https://img.lemde.fr/2026/05/20/0/1/3768/2512/664/442/75/0/7684afc_ftp-1-2wfjevi8nlha-21c7f6afcf214f13a8ee0bffa3ab5833-1-92ef2204fc3f4b45bca205f3fcc9f2b4.jpg
What we know about the Paris brawl involving Nice supporters ahead of French Cup final,https://www.lemonde.fr/en/france/article/2026/05/22/what-we-know-about-the-paris-brawl-involving-nice-supporters-ahead-of-french-cup-final_6753729_7.html,Subscribers only,"A major brawl broke out in Paris's 10th arrondissement, where around 100 supporters of OGC Nice, who are set to face RC Lens in the French Cup final, were gathered on Thursday evening. Sixty-five people were arrested."," Antoine Albertini,  Laura Motet and  Sofia Fischer",News,https://img.lemde.fr/2026/05/22/746/0/904/602/664/442/75/0/d916b0e_upload-1-nrqejk3yrkpw-capture-d-e-cran-2026-05-22-a-12-12-23.png
"'Gaza has become a diplomatic, political and military black hole'",https://www.lemonde.fr/en/opinion/article/2026/05/21/gaza-has-become-a-diplomatic-political-and-military-black-hole_6753673_23.html,Subscribe,,,Column,https://img.lemde.fr/2022/03/18/0/0/0/0/100/100/60/0/bfe4dc9_1647595527633-f2df5fa-237.jpeg
Europe's passivity in the face of Israel's far right,https://www.lemonde.fr/en/opinion/article/2026/05/22/european-passivity-in-the-face-of-israel-s-far-right_6753726_23.html,,,,Editorial,
'Which jobs have the most openings? The least valued ones',https://www.lemonde.fr/en/opinion/article/2026/05/22/which-jobs-have-the-most-openings-the-least-valued-ones_6753714_23.html,Subscribe,,,Column,
